"date","platform","campaign_id","campaign_name","ad_id","ad_name","impressions","clicks","cost","conversions","conversion_value","video_views","video_watch_25","video_watch_50","video_watch_75","video_watch_100","reach","quality_score","search_impression_share","likes","shares","comments"
"2024-01-01","facebook","fb_1001","Brand_Awareness_Q1","fbset_2001","Broad_Audience_18-35","45623","892","127.5","12","null","8234","null","null","null","null","38234","null","null","null","null","null"
"2024-01-01","facebook","fb_1002","Conversions_Retargeting","fbset_2002","Cart_Abandoners","12456","567","215.8","34","null","1234","null","null","null","null","9876","null","null","null","null","null"
"2024-01-01","facebook","fb_1003","Traffic_Drive_Jan","fbset_2003","Lookalike_Purchasers","34567","1234","189.9","23","null","4567","null","null","null","null","28934","null","null","null","null","null"
"2024-01-02","facebook","fb_1001","Brand_Awareness_Q1","fbset_2001","Broad_Audience_18-35","42345","823","118.2","10","null","7890","null","null","null","null","36789","null","null","null","null","null"
"2024-01-02","facebook","fb_1002","Conversions_Retargeting","fbset_2002","Cart_Abandoners","13678","623","234.5","38","null","1456","null","null","null","null","10234","null","null","null","null","null"
"2024-01-02","facebook","fb_1003","Traffic_Drive_Jan","fbset_2003","Lookalike_Purchasers","36789","1345","201.3","25","null","4890","null","null","null","null","30123","null","null","null","null","null"
"2024-01-03","facebook","fb_1001","Brand_Awareness_Q1","fbset_2001","Broad_Audience_18-35","48234","967","134.8","14","null","8901","null","null","null","null","40123","null","null","null","null","null"
"2024-01-03","facebook","fb_1002","Conversions_Retargeting","fbset_2002","Cart_Abandoners","11234","489","198.7","31","null","1123","null","null","null","null","8901","null","null","null","null","null"
"2024-01-03","facebook","fb_1003","Traffic_Drive_Jan","fbset_2003","Lookalike_Purchasers","38901","1456","213.4","28","null","5234","null","null","null","null","31456","null","null","null","null","null"
"2024-01-04","facebook","fb_1001","Brand_Awareness_Q1","fbset_2001","Broad_Audience_18-35","51234","1023","142.3","15","null","9234","null","null","null","null","42567","null","null","null","null","null"
"2024-01-04","facebook","fb_1002","Conversions_Retargeting","fbset_2002","Cart_Abandoners","14567","678","245.6","42","null","1567","null","null","null","null","11234","null","null","null","null","null"
"2024-01-04","facebook","fb_1004","Video_Views_Campaign","fbset_2004","Video_Enthusiasts","67890","234","89.5","5","null","45678","null","null","null","null","56789","null","null","null","null","null"
"2024-01-05","facebook","fb_1001","Brand_Awareness_Q1","fbset_2001","Broad_Audience_18-35","46789","934","131.2","13","null","8567","null","null","null","null","39234","null","null","null","null","null"
"2024-01-05","facebook","fb_1002","Conversions_Retargeting","fbset_2002","Cart_Abandoners","12890","567","220.3","36","null","1345","null","null","null","null","10123","null","null","null","null","null"
"2024-01-05","facebook","fb_1004","Video_Views_Campaign","fbset_2004","Video_Enthusiasts","71234","256","94.8","6","null","48901","null","null","null","null","59234","null","null","null","null","null"
"2024-01-06","facebook","fb_1001","Brand_Awareness_Q1","fbset_2001","Broad_Audience_18-35","44567","878","125.6","11","null","8123","null","null","null","null","37456","null","null","null","null","null"
"2024-01-06","facebook","fb_1003","Traffic_Drive_Jan","fbset_2003","Lookalike_Purchasers","35678","1289","195.6","24","null","4678","null","null","null","null","29345","null","null","null","null","null"
"2024-01-06","facebook","fb_1004","Video_Views_Campaign","fbset_2004","Video_Enthusiasts","69456","245","91.2","5","null","47234","null","null","null","null","57890","null","null","null","null","null"
"2024-01-07","facebook","fb_1001","Brand_Awareness_Q1","fbset_2001","Broad_Audience_18-35","49876","1067","145.9","16","null","9567","null","null","null","null","41234","null","null","null","null","null"
"2024-01-07","facebook","fb_1002","Conversions_Retargeting","fbset_2002","Cart_Abandoners","13456","623","237.8","40","null","1456","null","null","null","null","10567","null","null","null","null","null"
"2024-01-07","facebook","fb_1003","Traffic_Drive_Jan","fbset_2003","Lookalike_Purchasers","37234","1367","207.9","27","null","5012","null","null","null","null","30678","null","null","null","null","null"
"2024-01-08","facebook","fb_1001","Brand_Awareness_Q1","fbset_2001","Broad_Audience_18-35","47234","945","135.4","14","null","8789","null","null","null","null","39567","null","null","null","null","null"
"2024-01-08","facebook","fb_1002","Conversions_Retargeting","fbset_2002","Cart_Abandoners","12123","534","212.4","35","null","1234","null","null","null","null","9567","null","null","null","null","null"
"2024-01-08","facebook","fb_1004","Video_Views_Campaign","fbset_2004","Video_Enthusiasts","73456","267","98.3","7","null","50123","null","null","null","null","60234","null","null","null","null","null"
"2024-01-09","facebook","fb_1001","Brand_Awareness_Q1","fbset_2001","Broad_Audience_18-35","50123","1012","141.7","15","null","9345","null","null","null","null","41890","null","null","null","null","null"
"2024-01-09","facebook","fb_1003","Traffic_Drive_Jan","fbset_2003","Lookalike_Purchasers","36456","1312","199.8","26","null","4823","null","null","null","null","30234","null","null","null","null","null"
"2024-01-09","facebook","fb_1004","Video_Views_Campaign","fbset_2004","Video_Enthusiasts","70123","253","93.6","6","null","48234","null","null","null","null","58456","null","null","null","null","null"
"2024-01-10","facebook","fb_1001","Brand_Awareness_Q1","fbset_2001","Broad_Audience_18-35","48567","978","137.8","14","null","8945","null","null","null","null","40456","null","null","null","null","null"
"2024-01-10","facebook","fb_1002","Conversions_Retargeting","fbset_2002","Cart_Abandoners","13789","645","241.2","41","null","1489","null","null","null","null","10789","null","null","null","null","null"
"2024-01-10","facebook","fb_1003","Traffic_Drive_Jan","fbset_2003","Lookalike_Purchasers","38456","1423","217.5","29","null","5123","null","null","null","null","31234","null","null","null","null","null"
"2024-01-11","facebook","fb_1001","Brand_Awareness_Q1","fbset_2001","Broad_Audience_18-35","52123","1089","148.6","17","null","9567","null","null","null","null","43234","null","null","null","null","null"
"2024-01-11","facebook","fb_1002","Conversions_Retargeting","fbset_2002","Cart_Abandoners","14567","723","256.4","44","null","1612","null","null","null","null","11456","null","null","null","null","null"
"2024-01-11","facebook","fb_1003","Traffic_Drive_Jan","fbset_2003","Lookalike_Purchasers","39789","1534","225.8","31","null","5456","null","null","null","null","32567","null","null","null","null","null"
"2024-01-11","facebook","fb_1004","Video_Views_Campaign","fbset_2004","Video_Enthusiasts","76234","278","101.5","8","null","52345","null","null","null","null","62456","null","null","null","null","null"
"2024-01-12","facebook","fb_1001","Brand_Awareness_Q1","fbset_2001","Broad_Audience_18-35","49234","1012","140.3","15","null","9123","null","null","null","null","41567","null","null","null","null","null"
"2024-01-12","facebook","fb_1002","Conversions_Retargeting","fbset_2002","Cart_Abandoners","13456","634","239.7","39","null","1378","null","null","null","null","10567","null","null","null","null","null"
"2024-01-12","facebook","fb_1003","Traffic_Drive_Jan","fbset_2003","Lookalike_Purchasers","37890","1398","212.4","28","null","5012","null","null","null","null","30890","null","null","null","null","null"
"2024-01-12","facebook","fb_1004","Video_Views_Campaign","fbset_2004","Video_Enthusiasts","72890","261","96.8","7","null","49567","null","null","null","null","59123","null","null","null","null","null"
"2024-01-13","facebook","fb_1001","Brand_Awareness_Q1","fbset_2001","Broad_Audience_18-35","42345","856","121.5","12","null","7890","null","null","null","null","35678","null","null","null","null","null"
"2024-01-13","facebook","fb_1002","Conversions_Retargeting","fbset_2002","Cart_Abandoners","11234","523","198.6","32","null","1123","null","null","null","null","8901","null","null","null","null","null"
"2024-01-13","facebook","fb_1003","Traffic_Drive_Jan","fbset_2003","Lookalike_Purchasers","33456","1203","185.3","23","null","4234","null","null","null","null","27890","null","null","null","null","null"
"2024-01-13","facebook","fb_1004","Video_Views_Campaign","fbset_2004","Video_Enthusiasts","64567","238","83.4","5","null","43234","null","null","null","null","52890","null","null","null","null","null"
"2024-01-14","facebook","fb_1001","Brand_Awareness_Q1","fbset_2001","Broad_Audience_18-35","40123","798","114.7","11","null","7345","null","null","null","null","33456","null","null","null","null","null"
"2024-01-14","facebook","fb_1002","Conversions_Retargeting","fbset_2002","Cart_Abandoners","10567","489","185.9","29","null","998","null","null","null","null","8234","null","null","null","null","null"
"2024-01-14","facebook","fb_1003","Traffic_Drive_Jan","fbset_2003","Lookalike_Purchasers","31234","1123","173.8","21","null","3890","null","null","null","null","26123","null","null","null","null","null"
"2024-01-14","facebook","fb_1004","Video_Views_Campaign","fbset_2004","Video_Enthusiasts","61234","223","78.9","4","null","40567","null","null","null","null","50123","null","null","null","null","null"
"2024-01-15","facebook","fb_1001","Brand_Awareness_Q1","fbset_2001","Broad_Audience_18-35","46789","934","132.4","14","null","8567","null","null","null","null","39234","null","null","null","null","null"
"2024-01-15","facebook","fb_1002","Conversions_Retargeting","fbset_2002","Cart_Abandoners","12890","567","221.3","37","null","1345","null","null","null","null","10123","null","null","null","null","null"
"2024-01-15","facebook","fb_1003","Traffic_Drive_Jan","fbset_2003","Lookalike_Purchasers","35678","1289","196.6","25","null","4678","null","null","null","null","29345","null","null","null","null","null"
"2024-01-15","facebook","fb_1004","Video_Views_Campaign","fbset_2004","Video_Enthusiasts","68456","248","87.6","6","null","46234","null","null","null","null","56789","null","null","null","null","null"
"2024-01-16","facebook","fb_1001","Brand_Awareness_Q1","fbset_2001","Broad_Audience_18-35","50234","1023","143.8","16","null","9234","null","null","null","null","42345","null","null","null","null","null"
"2024-01-16","facebook","fb_1002","Conversions_Retargeting","fbset_2002","Cart_Abandoners","14234","678","248.5","42","null","1567","null","null","null","null","11234","null","null","null","null","null"
"2024-01-16","facebook","fb_1003","Traffic_Drive_Jan","fbset_2003","Lookalike_Purchasers","38456","1423","218.7","30","null","5123","null","null","null","null","31234","null","null","null","null","null"
"2024-01-16","facebook","fb_1004","Video_Views_Campaign","fbset_2004","Video_Enthusiasts","73456","267","94.2","7","null","49890","null","null","null","null","59567","null","null","null","null","null"
"2024-01-17","facebook","fb_1001","Brand_Awareness_Q1","fbset_2001","Broad_Audience_18-35","51789","1089","152.3","18","null","9567","null","null","null","null","43567","null","null","null","null","null"
"2024-01-17","facebook","fb_1002","Conversions_Retargeting","fbset_2002","Cart_Abandoners","15234","734","264.7","46","null","1678","null","null","null","null","12123","null","null","null","null","null"
"2024-01-17","facebook","fb_1003","Traffic_Drive_Jan","fbset_2003","Lookalike_Purchasers","40123","1534","232.8","33","null","5456","null","null","null","null","32890","null","null","null","null","null"
"2024-01-17","facebook","fb_1004","Video_Views_Campaign","fbset_2004","Video_Enthusiasts","75890","278","98.5","8","null","51234","null","null","null","null","61567","null","null","null","null","null"
"2024-01-18","facebook","fb_1001","Brand_Awareness_Q1","fbset_2001","Broad_Audience_18-35","49567","1012","144.6","16","null","9123","null","null","null","null","41890","null","null","null","null","null"
"2024-01-18","facebook","fb_1002","Conversions_Retargeting","fbset_2002","Cart_Abandoners","14567","689","253.4","43","null","1489","null","null","null","null","11567","null","null","null","null","null"
"2024-01-18","facebook","fb_1003","Traffic_Drive_Jan","fbset_2003","Lookalike_Purchasers","38901","1456","224.5","31","null","5234","null","null","null","null","31456","null","null","null","null","null"
"2024-01-18","facebook","fb_1004","Video_Views_Campaign","fbset_2004","Video_Enthusiasts","72345","261","92.7","7","null","48567","null","null","null","null","58234","null","null","null","null","null"
"2024-01-19","facebook","fb_1001","Brand_Awareness_Q1","fbset_2001","Broad_Audience_18-35","47890","967","138.4","15","null","8789","null","null","null","null","40234","null","null","null","null","null"
"2024-01-19","facebook","fb_1002","Conversions_Retargeting","fbset_2002","Cart_Abandoners","13890","634","235.8","40","null","1378","null","null","null","null","10890","null","null","null","null","null"
"2024-01-19","facebook","fb_1003","Traffic_Drive_Jan","fbset_2003","Lookalike_Purchasers","37234","1367","209.9","28","null","5012","null","null","null","null","30678","null","null","null","null","null"
"2024-01-19","facebook","fb_1004","Video_Views_Campaign","fbset_2004","Video_Enthusiasts","70123","253","89.4","6","null","47234","null","null","null","null","57890","null","null","null","null","null"
"2024-01-20","facebook","fb_1001","Brand_Awareness_Q1","fbset_2001","Broad_Audience_18-35","43234","878","125.7","13","null","7890","null","null","null","null","36567","null","null","null","null","null"
"2024-01-20","facebook","fb_1002","Conversions_Retargeting","fbset_2002","Cart_Abandoners","11890","545","202.3","34","null","1156","null","null","null","null","9567","null","null","null","null","null"
"2024-01-20","facebook","fb_1003","Traffic_Drive_Jan","fbset_2003","Lookalike_Purchasers","34567","1234","189.6","24","null","4567","null","null","null","null","28934","null","null","null","null","null"
"2024-01-20","facebook","fb_1004","Video_Views_Campaign","fbset_2004","Video_Enthusiasts","65234","234","81.2","5","null","43567","null","null","null","null","53456","null","null","null","null","null"
"2024-01-21","facebook","fb_1001","Brand_Awareness_Q1","fbset_2001","Broad_Audience_18-35","41567","823","118.9","12","null","7456","null","null","null","null","35123","null","null","null","null","null"
"2024-01-21","facebook","fb_1002","Conversions_Retargeting","fbset_2002","Cart_Abandoners","10234","467","178.4","30","null","945","null","null","null","null","8456","null","null","null","null","null"
"2024-01-21","facebook","fb_1003","Traffic_Drive_Jan","fbset_2003","Lookalike_Purchasers","32890","1178","171.2","22","null","3789","null","null","null","null","27234","null","null","null","null","null"
"2024-01-21","facebook","fb_1004","Video_Views_Campaign","fbset_2004","Video_Enthusiasts","62345","223","76.3","4","null","41234","null","null","null","null","51567","null","null","null","null","null"
"2024-01-22","facebook","fb_1001","Brand_Awareness_Q1","fbset_2001","Broad_Audience_18-35","45234","912","129.8","14","null","8234","null","null","null","null","38567","null","null","null","null","null"
"2024-01-22","facebook","fb_1002","Conversions_Retargeting","fbset_2002","Cart_Abandoners","12456","567","209.6","36","null","1234","null","null","null","null","9876","null","null","null","null","null"
"2024-01-22","facebook","fb_1003","Traffic_Drive_Jan","fbset_2003","Lookalike_Purchasers","35123","1267","194.5","26","null","4345","null","null","null","null","29123","null","null","null","null","null"
"2024-01-22","facebook","fb_1004","Video_Views_Campaign","fbset_2004","Video_Enthusiasts","66789","245","84.7","5","null","44567","null","null","null","null","54890","null","null","null","null","null"
"2024-01-23","facebook","fb_1001","Brand_Awareness_Q1","fbset_2001","Broad_Audience_18-35","48567","989","140.3","15","null","8945","null","null","null","null","40456","null","null","null","null","null"
"2024-01-23","facebook","fb_1002","Conversions_Retargeting","fbset_2002","Cart_Abandoners","13789","623","229.8","38","null","1489","null","null","null","null","10789","null","null","null","null","null"
"2024-01-23","facebook","fb_1003","Traffic_Drive_Jan","fbset_2003","Lookalike_Purchasers","37456","1389","213.4","29","null","4890","null","null","null","null","30567","null","null","null","null","null"
"2024-01-23","facebook","fb_1004","Video_Views_Campaign","fbset_2004","Video_Enthusiasts","71234","256","90.5","6","null","48123","null","null","null","null","58567","null","null","null","null","null"
"2024-01-24","facebook","fb_1001","Brand_Awareness_Q1","fbset_2001","Broad_Audience_18-35","51234","1067","149.7","17","null","9234","null","null","null","null","42567","null","null","null","null","null"
"2024-01-24","facebook","fb_1002","Conversions_Retargeting","fbset_2002","Cart_Abandoners","14890","712","251.6","43","null","1578","null","null","null","null","11790","null","null","null","null","null"
"2024-01-24","facebook","fb_1003","Traffic_Drive_Jan","fbset_2003","Lookalike_Purchasers","39234","1489","227.9","32","null","5234","null","null","null","null","32123","null","null","null","null","null"
"2024-01-24","facebook","fb_1004","Video_Views_Campaign","fbset_2004","Video_Enthusiasts","74567","267","95.8","7","null","50234","null","null","null","null","60789","null","null","null","null","null"
"2024-01-25","facebook","fb_1001","Brand_Awareness_Q1","fbset_2001","Broad_Audience_18-35","52789","1123","156.4","18","null","9567","null","null","null","null","43890","null","null","null","null","null"
"2024-01-25","facebook","fb_1002","Conversions_Retargeting","fbset_2002","Cart_Abandoners","15678","756","268.9","47","null","1678","null","null","null","null","12345","null","null","null","null","null"
"2024-01-25","facebook","fb_1003","Traffic_Drive_Jan","fbset_2003","Lookalike_Purchasers","40567","1567","238.6","34","null","5456","null","null","null","null","33234","null","null","null","null","null"
"2024-01-25","facebook","fb_1004","Video_Views_Campaign","fbset_2004","Video_Enthusiasts","76890","278","99.2","8","null","51567","null","null","null","null","62890","null","null","null","null","null"
"2024-01-26","facebook","fb_1001","Brand_Awareness_Q1","fbset_2001","Broad_Audience_18-35","50123","1034","147.5","17","null","9123","null","null","null","null","41890","null","null","null","null","null"
"2024-01-26","facebook","fb_1002","Conversions_Retargeting","fbset_2002","Cart_Abandoners","14234","689","254.7","44","null","1456","null","null","null","null","11234","null","null","null","null","null"
"2024-01-26","facebook","fb_1003","Traffic_Drive_Jan","fbset_2003","Lookalike_Purchasers","38890","1445","231.2","32","null","5123","null","null","null","null","31567","null","null","null","null","null"
"2024-01-26","facebook","fb_1004","Video_Views_Campaign","fbset_2004","Video_Enthusiasts","73456","261","94.6","7","null","49234","null","null","null","null","59567","null","null","null","null","null"
"2024-01-27","facebook","fb_1001","Brand_Awareness_Q1","fbset_2001","Broad_Audience_18-35","46234","934","133.8","15","null","8456","null","null","null","null","38890","null","null","null","null","null"
"2024-01-27","facebook","fb_1002","Conversions_Retargeting","fbset_2002","Cart_Abandoners","12567","567","209.4","36","null","1267","null","null","null","null","9890","null","null","null","null","null"
"2024-01-27","facebook","fb_1003","Traffic_Drive_Jan","fbset_2003","Lookalike_Purchasers","35890","1289","197.8","27","null","4567","null","null","null","null","29567","null","null","null","null","null"
"2024-01-27","facebook","fb_1004","Video_Views_Campaign","fbset_2004","Video_Enthusiasts","68234","245","85.9","5","null","45678","null","null","null","null","55890","null","null","null","null","null"
"2024-01-28","facebook","fb_1001","Brand_Awareness_Q1","fbset_2001","Broad_Audience_18-35","44567","890","127.6","13","null","8123","null","null","null","null","37456","null","null","null","null","null"
"2024-01-28","facebook","fb_1002","Conversions_Retargeting","fbset_2002","Cart_Abandoners","11456","523","192.3","33","null","1089","null","null","null","null","8967","null","null","null","null","null"
"2024-01-28","facebook","fb_1003","Traffic_Drive_Jan","fbset_2003","Lookalike_Purchasers","33567","1203","184.5","25","null","4123","null","null","null","null","27890","null","null","null","null","null"
"2024-01-28","facebook","fb_1004","Video_Views_Campaign","fbset_2004","Video_Enthusiasts","65789","234","80.4","4","null","43890","null","null","null","null","54123","null","null","null","null","null"
"2024-01-29","facebook","fb_1001","Brand_Awareness_Q1","fbset_2001","Broad_Audience_18-35","47890","967","138.4","15","null","8789","null","null","null","null","40234","null","null","null","null","null"
"2024-01-29","facebook","fb_1002","Conversions_Retargeting","fbset_2002","Cart_Abandoners","13234","612","226.5","39","null","1345","null","null","null","null","10456","null","null","null","null","null"
"2024-01-29","facebook","fb_1003","Traffic_Drive_Jan","fbset_2003","Lookalike_Purchasers","36234","1334","203.7","28","null","4678","null","null","null","null","30123","null","null","null","null","null"
"2024-01-29","facebook","fb_1004","Video_Views_Campaign","fbset_2004","Video_Enthusiasts","69567","253","88.7","6","null","46890","null","null","null","null","57123","null","null","null","null","null"
"2024-01-30","facebook","fb_1001","Brand_Awareness_Q1","fbset_2001","Broad_Audience_18-35","49234","1001","142.8","16","null","9012","null","null","null","null","41567","null","null","null","null","null"
"2024-01-30","facebook","fb_1002","Conversions_Retargeting","fbset_2002","Cart_Abandoners","14123","645","236.9","41","null","1423","null","null","null","null","11123","null","null","null","null","null"
"2024-01-30","facebook","fb_1003","Traffic_Drive_Jan","fbset_2003","Lookalike_Purchasers","37890","1412","216.5","30","null","4956","null","null","null","null","30890","null","null","null","null","null"
"2024-01-30","facebook","fb_1004","Video_Views_Campaign","fbset_2004","Video_Enthusiasts","72123","261","91.3","7","null","48567","null","null","null","null","58890","null","null","null","null","null"
"2024-01-01","google","g_5001","Search_Brand_Terms","gad_6001","Brand_Exact","23456","1234","234.5","45","2250","null","null","null","null","null","null","9","0.92","null","null","null"
"2024-01-01","google","g_5002","Search_Generic_Terms","gad_6002","Product_Broad","45678","890","567.8","23","1150","null","null","null","null","null","null","7","0.45","null","null","null"
"2024-01-01","google","g_5003","Shopping_All_Products","gad_6003","Best_Sellers","67890","2345","423.6","67","3350","null","null","null","null","null","null","8","0.67","null","null","null"
"2024-01-02","google","g_5001","Search_Brand_Terms","gad_6001","Brand_Exact","24567","1289","245.6","48","2400","null","null","null","null","null","null","9","0.91","null","null","null"
"2024-01-02","google","g_5002","Search_Generic_Terms","gad_6002","Product_Broad","43234","823","534.2","21","1050","null","null","null","null","null","null","7","0.44","null","null","null"
"2024-01-02","google","g_5003","Shopping_All_Products","gad_6003","Best_Sellers","71234","2456","445.8","71","3550","null","null","null","null","null","null","8","0.68","null","null","null"
"2024-01-03","google","g_5001","Search_Brand_Terms","gad_6001","Brand_Exact","22345","1123","213.4","42","2100","null","null","null","null","null","null","9","0.93","null","null","null"
"2024-01-03","google","g_5002","Search_Generic_Terms","gad_6002","Product_Broad","47890","967","623.5","25","1250","null","null","null","null","null","null","6","0.43","null","null","null"
"2024-01-03","google","g_5004","Display_Remarketing","gad_6004","Cart_Abandoners","123456","456","123.4","12","600","null","null","null","null","null","null","7","0.35","null","null","null"
"2024-01-04","google","g_5001","Search_Brand_Terms","gad_6001","Brand_Exact","25678","1345","256.7","50","2500","null","null","null","null","null","null","9","0.92","null","null","null"
"2024-01-04","google","g_5003","Shopping_All_Products","gad_6003","Best_Sellers","69456","2234","412.3","65","3250","null","null","null","null","null","null","8","0.66","null","null","null"
"2024-01-04","google","g_5004","Display_Remarketing","gad_6004","Cart_Abandoners","134567","489","134.5","14","700","null","null","null","null","null","null","7","0.36","null","null","null"
"2024-01-05","google","g_5001","Search_Brand_Terms","gad_6001","Brand_Exact","23890","1234","234.9","46","2300","null","null","null","null","null","null","9","0.91","null","null","null"
"2024-01-05","google","g_5002","Search_Generic_Terms","gad_6002","Product_Broad","46234","912","589.3","24","1200","null","null","null","null","null","null","7","0.45","null","null","null"
"2024-01-05","google","g_5004","Display_Remarketing","gad_6004","Cart_Abandoners","128901","467","128.9","13","650","null","null","null","null","null","null","7","0.34","null","null","null"
"2024-01-06","google","g_5001","Search_Brand_Terms","gad_6001","Brand_Exact","24234","1267","241.2","47","2350","null","null","null","null","null","null","9","0.92","null","null","null"
"2024-01-06","google","g_5003","Shopping_All_Products","gad_6003","Best_Sellers","72345","2378","432.9","69","3450","null","null","null","null","null","null","8","0.67","null","null","null"
"2024-01-06","google","g_5004","Display_Remarketing","gad_6004","Cart_Abandoners","131234","478","132.4","13","650","null","null","null","null","null","null","7","0.35","null","null","null"
"2024-01-07","google","g_5001","Search_Brand_Terms","gad_6001","Brand_Exact","26789","1456","278.9","54","2700","null","null","null","null","null","null","9","0.93","null","null","null"
"2024-01-07","google","g_5002","Search_Generic_Terms","gad_6002","Product_Broad","44567","878","567.2","22","1100","null","null","null","null","null","null","6","0.44","null","null","null"
"2024-01-07","google","g_5003","Shopping_All_Products","gad_6003","Best_Sellers","70234","2289","419.5","66","3300","null","null","null","null","null","null","8","0.66","null","null","null"
"2024-01-08","google","g_5001","Search_Brand_Terms","gad_6001","Brand_Exact","22567","1134","216.8","43","2150","null","null","null","null","null","null","9","0.91","null","null","null"
"2024-01-08","google","g_5002","Search_Generic_Terms","gad_6002","Product_Broad","48234","989","634.7","26","1300","null","null","null","null","null","null","7","0.46","null","null","null"
"2024-01-08","google","g_5004","Display_Remarketing","gad_6004","Cart_Abandoners","125678","445","121.3","11","550","null","null","null","null","null","null","7","0.34","null","null","null"
"2024-01-09","google","g_5001","Search_Brand_Terms","gad_6001","Brand_Exact","25234","1312","250.3","49","2450","null","null","null","null","null","null","9","0.92","null","null","null"
"2024-01-09","google","g_5003","Shopping_All_Products","gad_6003","Best_Sellers","73456","2423","441.8","70","3500","null","null","null","null","null","null","8","0.68","null","null","null"
"2024-01-09","google","g_5004","Display_Remarketing","gad_6004","Cart_Abandoners","129345","456","125.6","12","600","null","null","null","null","null","null","7","0.35","null","null","null"
"2024-01-10","google","g_5001","Search_Brand_Terms","gad_6001","Brand_Exact","24678","1289","245.9","48","2400","null","null","null","null","null","null","9","0.91","null","null","null"
"2024-01-10","google","g_5002","Search_Generic_Terms","gad_6002","Product_Broad","45234","901","578.9","23","1150","null","null","null","null","null","null","7","0.45","null","null","null"
"2024-01-10","google","g_5003","Shopping_All_Products","gad_6003","Best_Sellers","68901","2267","414.2","64","3200","null","null","null","null","null","null","8","0.67","null","null","null"
"2024-01-11","google","g_5001","Search_Brand_Terms","gad_6001","Brand_Exact","26234","1378","263.4","52","2600","null","null","null","null","null","null","9","0.92","null","null","null"
"2024-01-11","google","g_5002","Search_Generic_Terms","gad_6002","Product_Broad","47890","934","612.5","26","1300","null","null","null","null","null","null","7","0.46","null","null","null"
"2024-01-11","google","g_5003","Shopping_All_Products","gad_6003","Best_Sellers","71234","2456","445.8","71","3550","null","null","null","null","null","null","8","0.68","null","null","null"
"2024-01-11","google","g_5004","Display_Remarketing","gad_6004","Cart_Abandoners","136789","512","142.3","15","750","null","null","null","null","null","null","7","0.36","null","null","null"
"2024-01-12","google","g_5001","Search_Brand_Terms","gad_6001","Brand_Exact","25123","1312","250.4","49","2450","null","null","null","null","null","null","9","0.91","null","null","null"
"2024-01-12","google","g_5002","Search_Generic_Terms","gad_6002","Product_Broad","46567","912","596.7","24","1200","null","null","null","null","null","null","7","0.45","null","null","null"
"2024-01-12","google","g_5003","Shopping_All_Products","gad_6003","Best_Sellers","69890","2334","428.9","66","3300","null","null","null","null","null","null","8","0.67","null","null","null"
"2024-01-12","google","g_5004","Display_Remarketing","gad_6004","Cart_Abandoners","133456","489","131.2","14","700","null","null","null","null","null","null","7","0.35","null","null","null"
"2024-01-13","google","g_5001","Search_Brand_Terms","gad_6001","Brand_Exact","22456","1156","220.4","43","2150","null","null","null","null","null","null","9","0.9","null","null","null"
"2024-01-13","google","g_5002","Search_Generic_Terms","gad_6002","Product_Broad","41234","823","528.9","21","1050","null","null","null","null","null","null","6","0.43","null","null","null"
"2024-01-13","google","g_5003","Shopping_All_Products","gad_6003","Best_Sellers","63456","2089","382.6","60","3000","null","null","null","null","null","null","8","0.65","null","null","null"
"2024-01-13","google","g_5004","Display_Remarketing","gad_6004","Cart_Abandoners","119234","434","116.8","12","600","null","null","null","null","null","null","7","0.33","null","null","null"
"2024-01-14","google","g_5001","Search_Brand_Terms","gad_6001","Brand_Exact","21234","1089","207.8","41","2050","null","null","null","null","null","null","9","0.89","null","null","null"
"2024-01-14","google","g_5002","Search_Generic_Terms","gad_6002","Product_Broad","39567","789","507.4","19","950","null","null","null","null","null","null","6","0.42","null","null","null"
"2024-01-14","google","g_5003","Shopping_All_Products","gad_6003","Best_Sellers","61890","2012","369.3","58","2900","null","null","null","null","null","null","8","0.64","null","null","null"
"2024-01-14","google","g_5004","Display_Remarketing","gad_6004","Cart_Abandoners","115678","412","113.4","11","550","null","null","null","null","null","null","7","0.32","null","null","null"
"2024-01-15","google","g_5001","Search_Brand_Terms","gad_6001","Brand_Exact","23890","1234","235.6","46","2300","null","null","null","null","null","null","9","0.91","null","null","null"
"2024-01-15","google","g_5002","Search_Generic_Terms","gad_6002","Product_Broad","43789","856","560.9","22","1100","null","null","null","null","null","null","7","0.44","null","null","null"
"2024-01-15","google","g_5003","Shopping_All_Products","gad_6003","Best_Sellers","67234","2234","411.7","65","3250","null","null","null","null","null","null","8","0.66","null","null","null"
"2024-01-15","google","g_5004","Display_Remarketing","gad_6004","Cart_Abandoners","128901","467","126.7","13","650","null","null","null","null","null","null","7","0.34","null","null","null"
"2024-01-16","google","g_5001","Search_Brand_Terms","gad_6001","Brand_Exact","25456","1345","257.3","51","2550","null","null","null","null","null","null","9","0.92","null","null","null"
"2024-01-16","google","g_5002","Search_Generic_Terms","gad_6002","Product_Broad","45678","901","584.5","24","1200","null","null","null","null","null","null","7","0.45","null","null","null"
"2024-01-16","google","g_5003","Shopping_All_Products","gad_6003","Best_Sellers","70123","2378","435.8","69","3450","null","null","null","null","null","null","8","0.67","null","null","null"
"2024-01-16","google","g_5004","Display_Remarketing","gad_6004","Cart_Abandoners","132567","489","130.5","14","700","null","null","null","null","null","null","7","0.35","null","null","null"
"2024-01-17","google","g_5001","Search_Brand_Terms","gad_6001","Brand_Exact","26789","1456","278.9","54","2700","null","null","null","null","null","null","9","0.93","null","null","null"
"2024-01-17","google","g_5002","Search_Generic_Terms","gad_6002","Product_Broad","47234","967","605.6","25","1250","null","null","null","null","null","null","7","0.46","null","null","null"
"2024-01-17","google","g_5003","Shopping_All_Products","gad_6003","Best_Sellers","72456","2489","450.7","72","3600","null","null","null","null","null","null","8","0.68","null","null","null"
"2024-01-17","google","g_5004","Display_Remarketing","gad_6004","Cart_Abandoners","138901","534","136.4","15","750","null","null","null","null","null","null","7","0.36","null","null","null"
"2024-01-18","google","g_5001","Search_Brand_Terms","gad_6001","Brand_Exact","25789","1389","265.2","52","2600","null","null","null","null","null","null","9","0.92","null","null","null"
"2024-01-18","google","g_5002","Search_Generic_Terms","gad_6002","Product_Broad","46123","923","590.3","24","1200","null","null","null","null","null","null","7","0.45","null","null","null"
"2024-01-18","google","g_5003","Shopping_All_Products","gad_6003","Best_Sellers","71567","2412","442.3","70","3500","null","null","null","null","null","null","8","0.68","null","null","null"
"2024-01-18","google","g_5004","Display_Remarketing","gad_6004","Cart_Abandoners","135234","501","133.6","14","700","null","null","null","null","null","null","7","0.35","null","null","null"
"2024-01-19","google","g_5001","Search_Brand_Terms","gad_6001","Brand_Exact","24567","1289","246.8","48","2400","null","null","null","null","null","null","9","0.91","null","null","null"
"2024-01-19","google","g_5002","Search_Generic_Terms","gad_6002","Product_Broad","44890","890","574.7","23","1150","null","null","null","null","null","null","7","0.44","null","null","null"
"2024-01-19","google","g_5003","Shopping_All_Products","gad_6003","Best_Sellers","69234","2301","423.5","67","3350","null","null","null","null","null","null","8","0.67","null","null","null"
"2024-01-19","google","g_5004","Display_Remarketing","gad_6004","Cart_Abandoners","131567","478","129.4","13","650","null","null","null","null","null","null","7","0.34","null","null","null"
"2024-01-20","google","g_5001","Search_Brand_Terms","gad_6001","Brand_Exact","22345","1123","214.5","42","2100","null","null","null","null","null","null","9","0.89","null","null","null"
"2024-01-20","google","g_5002","Search_Generic_Terms","gad_6002","Product_Broad","40567","812","520.4","20","1000","null","null","null","null","null","null","6","0.42","null","null","null"
"2024-01-20","google","g_5003","Shopping_All_Products","gad_6003","Best_Sellers","64890","2067","376.8","59","2950","null","null","null","null","null","null","8","0.65","null","null","null"
"2024-01-20","google","g_5004","Display_Remarketing","gad_6004","Cart_Abandoners","124567","445","122.3","12","600","null","null","null","null","null","null","7","0.33","null","null","null"
"2024-01-21","google","g_5001","Search_Brand_Terms","gad_6001","Brand_Exact","21567","1089","207.8","41","2050","null","null","null","null","null","null","9","0.88","null","null","null"
"2024-01-21","google","g_5002","Search_Generic_Terms","gad_6002","Product_Broad","38901","778","498.7","19","950","null","null","null","null","null","null","6","0.41","null","null","null"
"2024-01-21","google","g_5003","Shopping_All_Products","gad_6003","Best_Sellers","62345","1989","365.4","57","2850","null","null","null","null","null","null","8","0.63","null","null","null"
"2024-01-21","google","g_5004","Display_Remarketing","gad_6004","Cart_Abandoners","118234","423","116.2","11","550","null","null","null","null","null","null","7","0.32","null","null","null"
"2024-01-22","google","g_5001","Search_Brand_Terms","gad_6001","Brand_Exact","24234","1267","241.2","47","2350","null","null","null","null","null","null","9","0.91","null","null","null"
"2024-01-22","google","g_5002","Search_Generic_Terms","gad_6002","Product_Broad","42890","845","549.3","22","1100","null","null","null","null","null","null","7","0.44","null","null","null"
"2024-01-22","google","g_5003","Shopping_All_Products","gad_6003","Best_Sellers","66789","2223","407.9","64","3200","null","null","null","null","null","null","8","0.66","null","null","null"
"2024-01-22","google","g_5004","Display_Remarketing","gad_6004","Cart_Abandoners","127890","456","125.6","13","650","null","null","null","null","null","null","7","0.34","null","null","null"
"2024-01-23","google","g_5001","Search_Brand_Terms","gad_6001","Brand_Exact","25678","1356","259.4","51","2550","null","null","null","null","null","null","9","0.92","null","null","null"
"2024-01-23","google","g_5002","Search_Generic_Terms","gad_6002","Product_Broad","45123","912","577.8","24","1200","null","null","null","null","null","null","7","0.45","null","null","null"
"2024-01-23","google","g_5003","Shopping_All_Products","gad_6003","Best_Sellers","70234","2389","432.6","69","3450","null","null","null","null","null","null","8","0.67","null","null","null"
"2024-01-23","google","g_5004","Display_Remarketing","gad_6004","Cart_Abandoners","133456","489","131.2","14","700","null","null","null","null","null","null","7","0.35","null","null","null"
"2024-01-24","google","g_5001","Search_Brand_Terms","gad_6001","Brand_Exact","27123","1434","274.3","55","2750","null","null","null","null","null","null","9","0.93","null","null","null"
"2024-01-24","google","g_5002","Search_Generic_Terms","gad_6002","Product_Broad","47890","978","613.5","26","1300","null","null","null","null","null","null","7","0.46","null","null","null"
"2024-01-24","google","g_5003","Shopping_All_Products","gad_6003","Best_Sellers","73456","2501","456.7","73","3650","null","null","null","null","null","null","8","0.69","null","null","null"
"2024-01-24","google","g_5004","Display_Remarketing","gad_6004","Cart_Abandoners","139234","523","136.8","15","750","null","null","null","null","null","null","7","0.36","null","null","null"
"2024-01-25","google","g_5001","Search_Brand_Terms","gad_6001","Brand_Exact","28234","1512","287.6","58","2900","null","null","null","null","null","null","9","0.94","null","null","null"
"2024-01-25","google","g_5002","Search_Generic_Terms","gad_6002","Product_Broad","49567","1012","634.2","27","1350","null","null","null","null","null","null","7","0.47","null","null","null"
"2024-01-25","google","g_5003","Shopping_All_Products","gad_6003","Best_Sellers","75234","2567","467.8","75","3750","null","null","null","null","null","null","8","0.7","null","null","null"
"2024-01-25","google","g_5004","Display_Remarketing","gad_6004","Cart_Abandoners","142345","545","139.9","16","800","null","null","null","null","null","null","7","0.37","null","null","null"
"2024-01-26","google","g_5001","Search_Brand_Terms","gad_6001","Brand_Exact","26789","1378","263.4","53","2650","null","null","null","null","null","null","9","0.92","null","null","null"
"2024-01-26","google","g_5002","Search_Generic_Terms","gad_6002","Product_Broad","47234","945","605.6","25","1250","null","null","null","null","null","null","7","0.46","null","null","null"
"2024-01-26","google","g_5003","Shopping_All_Products","gad_6003","Best_Sellers","72890","2434","450.2","71","3550","null","null","null","null","null","null","8","0.69","null","null","null"
"2024-01-26","google","g_5004","Display_Remarketing","gad_6004","Cart_Abandoners","138567","512","136.2","15","750","null","null","null","null","null","null","7","0.36","null","null","null"
"2024-01-27","google","g_5001","Search_Brand_Terms","gad_6001","Brand_Exact","25234","1312","250.3","49","2450","null","null","null","null","null","null","9","0.91","null","null","null"
"2024-01-27","google","g_5002","Search_Generic_Terms","gad_6002","Product_Broad","45678","901","584.5","24","1200","null","null","null","null","null","null","7","0.45","null","null","null"
"2024-01-27","google","g_5003","Shopping_All_Products","gad_6003","Best_Sellers","70123","2356","431.2","68","3400","null","null","null","null","null","null","8","0.68","null","null","null"
"2024-01-27","google","g_5004","Display_Remarketing","gad_6004","Cart_Abandoners","134890","489","132.7","14","700","null","null","null","null","null","null","7","0.35","null","null","null"
"2024-01-28","google","g_5001","Search_Brand_Terms","gad_6001","Brand_Exact","23567","1189","226.8","44","2200","null","null","null","null","null","null","9","0.9","null","null","null"
"2024-01-28","google","g_5002","Search_Generic_Terms","gad_6002","Product_Broad","42890","834","549.3","21","1050","null","null","null","null","null","null","7","0.43","null","null","null"
"2024-01-28","google","g_5003","Shopping_All_Products","gad_6003","Best_Sellers","66234","2167","395.8","61","3050","null","null","null","null","null","null","8","0.66","null","null","null"
"2024-01-28","google","g_5004","Display_Remarketing","gad_6004","Cart_Abandoners","127345","445","125.1","12","600","null","null","null","null","null","null","7","0.33","null","null","null"
"2024-01-29","google","g_5001","Search_Brand_Terms","gad_6001","Brand_Exact","24890","1278","244.2","47","2350","null","null","null","null","null","null","9","0.91","null","null","null"
"2024-01-29","google","g_5002","Search_Generic_Terms","gad_6002","Product_Broad","44567","878","570.8","23","1150","null","null","null","null","null","null","7","0.44","null","null","null"
"2024-01-29","google","g_5003","Shopping_All_Products","gad_6003","Best_Sellers","68456","2289","419.5","66","3300","null","null","null","null","null","null","8","0.67","null","null","null"
"2024-01-29","google","g_5004","Display_Remarketing","gad_6004","Cart_Abandoners","131234","467","128.9","13","650","null","null","null","null","null","null","7","0.34","null","null","null"
"2024-01-30","google","g_5001","Search_Brand_Terms","gad_6001","Brand_Exact","25456","1334","254.6","50","2500","null","null","null","null","null","null","9","0.92","null","null","null"
"2024-01-30","google","g_5002","Search_Generic_Terms","gad_6002","Product_Broad","45890","912","587.7","24","1200","null","null","null","null","null","null","7","0.45","null","null","null"
"2024-01-30","google","g_5003","Shopping_All_Products","gad_6003","Best_Sellers","70234","2367","432.1","68","3400","null","null","null","null","null","null","8","0.67","null","null","null"
"2024-01-30","google","g_5004","Display_Remarketing","gad_6004","Cart_Abandoners","133456","478","131.2","14","700","null","null","null","null","null","null","7","0.35","null","null","null"
"2024-01-01","tiktok","tt_8001","Awareness_GenZ","ttad_9001","Dance_Challenge","234567","3456","456.7","34","null","198234","156234","98234","67234","45234","null","null","null","8923","2345","567"
"2024-01-01","tiktok","tt_8002","Conversion_Focus","ttad_9002","Product_Demo","123456","2345","678.9","67","null","89234","67234","45234","34234","23456","null","null","null","4567","1234","234"
"2024-01-01","tiktok","tt_8003","Traffic_Campaign","ttad_9003","Trending_Sounds","189234","2890","345.6","23","null","145678","112345","89234","56789","34567","null","null","null","6789","1890","456"
"2024-01-02","tiktok","tt_8001","Awareness_GenZ","ttad_9001","Dance_Challenge","245678","3678","478.9","36","null","207345","163456","102345","70234","47234","null","null","null","9234","2456","589"
"2024-01-02","tiktok","tt_8002","Conversion_Focus","ttad_9002","Product_Demo","134567","2567","712.3","71","null","95678","71234","48234","36234","24567","null","null","null","4789","1345","245"
"2024-01-02","tiktok","tt_8003","Traffic_Campaign","ttad_9003","Trending_Sounds","198345","3012","361.2","25","null","152345","117234","93234","59234","36234","null","null","null","7123","1967","478"
"2024-01-03","tiktok","tt_8001","Awareness_GenZ","ttad_9001","Dance_Challenge","223456","3234","434.5","32","null","189234","148234","93234","63456","43234","null","null","null","8567","2234","534"
"2024-01-03","tiktok","tt_8002","Conversion_Focus","ttad_9002","Product_Demo","112345","2123","623.4","62","null","82345","61234","41234","31234","21234","null","null","null","4234","1123","212"
"2024-01-03","tiktok","tt_8004","Influencer_Collab","ttad_9004","Creator_Partnership","345678","5678","890.1","89","null","289234","234567","189234","134567","89234","null","null","null","15678","4567","1234"
"2024-01-04","tiktok","tt_8001","Awareness_GenZ","ttad_9001","Dance_Challenge","256789","3890","512.3","39","null","217456","170234","107234","72456","48456","null","null","null","9567","2567","612"
"2024-01-04","tiktok","tt_8003","Traffic_Campaign","ttad_9003","Trending_Sounds","201234","3123","374.5","26","null","157890","121234","96234","61234","37456","null","null","null","7345","2034","489"
"2024-01-04","tiktok","tt_8004","Influencer_Collab","ttad_9004","Creator_Partnership","367890","6012","923.4","94","null","301234","245678","196789","140234","93456","null","null","null","16234","4789","1289"
"2024-01-05","tiktok","tt_8001","Awareness_GenZ","ttad_9001","Dance_Challenge","234234","3467","460.2","35","null","199234","156789","98789","67789","45456","null","null","null","8945","2367","578"
"2024-01-05","tiktok","tt_8002","Conversion_Focus","ttad_9002","Product_Demo","128901","2456","689.5","68","null","91234","68234","45789","34567","23678","null","null","null","4678","1267","237"
"2024-01-05","tiktok","tt_8004","Influencer_Collab","ttad_9004","Creator_Partnership","356789","5834","901.2","91","null","293456","239234","191234","136234","90234","null","null","null","15890","4634","1256"
"2024-01-06","tiktok","tt_8001","Awareness_GenZ","ttad_9001","Dance_Challenge","267890","3945","523.4","40","null","221234","173456","109234","73567","49234","null","null","null","9789","2634","623"
"2024-01-06","tiktok","tt_8003","Traffic_Campaign","ttad_9003","Trending_Sounds","205678","3234","387.8","27","null","162345","124567","98901","63234","38234","null","null","null","7567","2089","501"
"2024-01-06","tiktok","tt_8004","Influencer_Collab","ttad_9004","Creator_Partnership","378901","6123","945.6","96","null","312345","251234","201234","143456","95234","null","null","null","16567","4823","1312"
"2024-01-07","tiktok","tt_8001","Awareness_GenZ","ttad_9001","Dance_Challenge","278901","4123","545.6","42","null","229234","179234","112234","75678","50234","null","null","null","10123","2712","645"
"2024-01-07","tiktok","tt_8002","Conversion_Focus","ttad_9002","Product_Demo","138901","2678","734.5","73","null","97890","72345","48901","36789","24890","null","null","null","4901","1356","256"
"2024-01-07","tiktok","tt_8003","Traffic_Campaign","ttad_9003","Trending_Sounds","212345","3345","401.1","28","null","167890","128234","101234","65234","39456","null","null","null","7789","2145","512"
"2024-01-08","tiktok","tt_8001","Awareness_GenZ","ttad_9001","Dance_Challenge","245234","3578","474.3","37","null","203456","158901","99567","68234","45789","null","null","null","8978","2389","590"
"2024-01-08","tiktok","tt_8002","Conversion_Focus","ttad_9002","Product_Demo","119234","2234","645.6","64","null","85678","63456","42345","32234","22234","null","null","null","4345","1189","223"
"2024-01-08","tiktok","tt_8004","Influencer_Collab","ttad_9004","Creator_Partnership","389012","6234","967.8","98","null","321234","258901","207890","147234","97456","null","null","null","16901","4912","1345"
"2024-01-09","tiktok","tt_8001","Awareness_GenZ","ttad_9001","Dance_Challenge","289012","4234","556.7","43","null","234567","182345","114567","77234","51234","null","null","null","10345","2789","656"
"2024-01-09","tiktok","tt_8003","Traffic_Campaign","ttad_9003","Trending_Sounds","218901","3456","414.4","29","null","173456","131567","103567","67234","40567","null","null","null","8012","2201","523"
"2024-01-09","tiktok","tt_8004","Influencer_Collab","ttad_9004","Creator_Partnership","401234","6456","989.9","101","null","332345","267890","214567","151234","99567","null","null","null","17234","5012","1378"
"2024-01-10","tiktok","tt_8001","Awareness_GenZ","ttad_9001","Dance_Challenge","256234","3701","490.5","38","null","209234","163567","102567","69567","46567","null","null","null","9123","2423","601"
"2024-01-10","tiktok","tt_8002","Conversion_Focus","ttad_9002","Product_Demo","145678","2789","756.7","76","null","101234","74567","50234","37890","25234","null","null","null","5012","1423","267"
"2024-01-10","tiktok","tt_8003","Traffic_Campaign","ttad_9003","Trending_Sounds","223456","3567","427.7","30","null","178901","135234","106789","69234","41789","null","null","null","8234","2267","534"
"2024-01-11","tiktok","tt_8001","Awareness_GenZ","ttad_9001","Dance_Challenge","278901","4123","523.6","42","null","234567","182345","114567","77234","51234","null","null","null","10345","2789","656"
"2024-01-11","tiktok","tt_8002","Conversion_Focus","ttad_9002","Product_Demo","156789","3012","812.3","82","null","109876","81234","54678","41234","27567","null","null","null","5456","1567","289"
"2024-01-11","tiktok","tt_8003","Traffic_Campaign","ttad_9003","Trending_Sounds","234567","3789","456.8","33","null","189234","143567","113456","73456","44567","null","null","null","8789","2434","567"
"2024-01-11","tiktok","tt_8004","Influencer_Collab","ttad_9004","Creator_Partnership","412345","6789","1023.4","103","null","345678","278901","223456","159234","105678","null","null","null","18234","5234","1456"
"2024-01-12","tiktok","tt_8001","Awareness_GenZ","ttad_9001","Dance_Challenge","267890","3945","501.2","40","null","221234","173456","109234","73567","49234","null","null","null","9789","2634","623"
"2024-01-12","tiktok","tt_8002","Conversion_Focus","ttad_9002","Product_Demo","148901","2834","767.5","77","null","103456","76234","51234","38567","25789","null","null","null","5123","1456","278"
"2024-01-12","tiktok","tt_8003","Traffic_Campaign","ttad_9003","Trending_Sounds","228901","3634","441.9","31","null","182345","137890","108901","70567","42789","null","null","null","8456","2301","545"
"2024-01-12","tiktok","tt_8004","Influencer_Collab","ttad_9004","Creator_Partnership","398567","6534","998.7","98","null","332345","267890","214567","151234","99567","null","null","null","17756","5012","1389"
"2024-01-13","tiktok","tt_8001","Awareness_GenZ","ttad_9001","Dance_Challenge","234567","3456","456.7","34","null","198234","156234","98234","67234","45234","null","null","null","8923","2345","567"
"2024-01-13","tiktok","tt_8002","Conversion_Focus","ttad_9002","Product_Demo","134567","2567","712.3","71","null","95678","71234","48234","36234","24567","null","null","null","4789","1345","245"
"2024-01-13","tiktok","tt_8003","Traffic_Campaign","ttad_9003","Trending_Sounds","201234","3123","374.5","26","null","157890","121234","96234","61234","37456","null","null","null","7345","2034","489"
"2024-01-13","tiktok","tt_8004","Influencer_Collab","ttad_9004","Creator_Partnership","367890","6012","923.4","94","null","301234","245678","196789","140234","93456","null","null","null","16234","4789","1289"
"2024-01-14","tiktok","tt_8001","Awareness_GenZ","ttad_9001","Dance_Challenge","223456","3234","434.5","32","null","189234","148234","93234","63456","43234","null","null","null","8567","2234","534"
"2024-01-14","tiktok","tt_8002","Conversion_Focus","ttad_9002","Product_Demo","128901","2456","689.5","68","null","91234","68234","45789","34567","23678","null","null","null","4678","1267","237"
"2024-01-14","tiktok","tt_8003","Traffic_Campaign","ttad_9003","Trending_Sounds","195678","2989","361.2","25","null","152345","117234","93234","59234","36234","null","null","null","7123","1967","478"
"2024-01-14","tiktok","tt_8004","Influencer_Collab","ttad_9004","Creator_Partnership","356789","5834","901.2","91","null","293456","239234","191234","136234","90234","null","null","null","15890","4634","1256"
"2024-01-15","tiktok","tt_8001","Awareness_GenZ","ttad_9001","Dance_Challenge","246789","3678","478.9","36","null","207345","163456","102345","70234","47234","null","null","null","9234","2456","589"
"2024-01-15","tiktok","tt_8002","Conversion_Focus","ttad_9002","Product_Demo","142345","2678","734.5","73","null","97890","72345","48901","36789","24890","null","null","null","4901","1356","256"
"2024-01-15","tiktok","tt_8003","Traffic_Campaign","ttad_9003","Trending_Sounds","212345","3345","401.1","28","null","167890","128234","101234","65234","39456","null","null","null","7789","2145","512"
"2024-01-15","tiktok","tt_8004","Influencer_Collab","ttad_9004","Creator_Partnership","378901","6123","945.6","96","null","312345","251234","201234","143456","95234","null","null","null","16567","4823","1312"
"2024-01-16","tiktok","tt_8001","Awareness_GenZ","ttad_9001","Dance_Challenge","289012","4234","556.7","43","null","234567","182345","114567","77234","51234","null","null","null","10345","2789","656"
"2024-01-16","tiktok","tt_8002","Conversion_Focus","ttad_9002","Product_Demo","156789","3012","812.3","82","null","109876","81234","54678","41234","27567","null","null","null","5456","1567","289"
"2024-01-16","tiktok","tt_8003","Traffic_Campaign","ttad_9003","Trending_Sounds","245678","3890","467.8","34","null","195678","148234","117234","75234","45789","null","null","null","8567","2345","567"
"2024-01-16","tiktok","tt_8004","Influencer_Collab","ttad_9004","Creator_Partnership","423456","6890","1056.8","107","null","356789","289234","231456","164567","109234","null","null","null","18890","5456","1489"
"2024-01-17","tiktok","tt_8001","Awareness_GenZ","ttad_9001","Dance_Challenge","301234","4456","589.9","46","null","245678","191234","119234","80234","53456","null","null","null","10789","2901","689"
"2024-01-17","tiktok","tt_8002","Conversion_Focus","ttad_9002","Product_Demo","167890","3234","845.6","85","null","117890","87234","58901","44234","29567","null","null","null","5678","1634","312"
"2024-01-17","tiktok","tt_8003","Traffic_Campaign","ttad_9003","Trending_Sounds","256789","4012","489.2","36","null","201234","152345","120456","77890","47234","null","null","null","8901","2456","589"
"2024-01-17","tiktok","tt_8004","Influencer_Collab","ttad_9004","Creator_Partnership","445678","7234","1123.5","113","null","378901","304567","243456","172345","114567","null","null","null","19567","5678","1567"
"2024-01-18","tiktok","tt_8001","Awareness_GenZ","ttad_9001","Dance_Challenge","290123","4189","567.8","44","null","236789","184567","115678","78234","52345","null","null","null","10456","2812","678"
"2024-01-18","tiktok","tt_8002","Conversion_Focus","ttad_9002","Product_Demo","161234","3089","823.7","83","null","113456","83567","56234","42345","28234","null","null","null","5523","1589","301"
"2024-01-18","tiktok","tt_8003","Traffic_Campaign","ttad_9003","Trending_Sounds","248901","3934","478.5","35","null","195234","148901","117890","76234","46234","null","null","null","8734","2401","578"
"2024-01-18","tiktok","tt_8004","Influencer_Collab","ttad_9004","Creator_Partnership","434567","7012","1089.3","109","null","367890","296234","237890","168234","111234","null","null","null","19234","5534","1523"
"2024-01-19","tiktok","tt_8001","Awareness_GenZ","ttad_9001","Dance_Challenge","278901","4123","545.6","42","null","229234","179234","112234","75678","50234","null","null","null","10123","2712","645"
"2024-01-19","tiktok","tt_8002","Conversion_Focus","ttad_9002","Product_Demo","153456","2945","789.2","79","null","107890","79567","53678","40234","26890","null","null","null","5234","1456","278"
"2024-01-19","tiktok","tt_8003","Traffic_Campaign","ttad_9003","Trending_Sounds","236789","3734","456.8","33","null","187890","142345","112345","72345","43789","null","null","null","8456","2267","545"
"2024-01-19","tiktok","tt_8004","Influencer_Collab","ttad_9004","Creator_Partnership","423456","6789","1034.5","104","null","356789","287234","229234","162345","107890","null","null","null","18756","5345","1456"
"2024-01-20","tiktok","tt_8001","Awareness_GenZ","ttad_9001","Dance_Challenge","256234","3701","490.5","38","null","209234","163567","102567","69567","46567","null","null","null","9123","2423","601"
"2024-01-20","tiktok","tt_8002","Conversion_Focus","ttad_9002","Product_Demo","142345","2678","734.5","73","null","97890","72345","48901","36789","24890","null","null","null","4901","1356","256"
"2024-01-20","tiktok","tt_8003","Traffic_Campaign","ttad_9003","Trending_Sounds","218901","3456","414.4","29","null","173456","131567","103567","67234","40567","null","null","null","8012","2201","523"
"2024-01-20","tiktok","tt_8004","Influencer_Collab","ttad_9004","Creator_Partnership","389012","6234","967.8","98","null","321234","258901","207890","147234","97456","null","null","null","16901","4912","1345"
"2024-01-21","tiktok","tt_8001","Awareness_GenZ","ttad_9001","Dance_Challenge","234567","3456","445.7","34","null","195234","153456","96234","65234","43567","null","null","null","8756","2234","534"
"2024-01-21","tiktok","tt_8002","Conversion_Focus","ttad_9002","Product_Demo","128901","2456","678.9","67","null","89234","67234","45234","34234","23456","null","null","null","4567","1234","234"
"2024-01-21","tiktok","tt_8003","Traffic_Campaign","ttad_9003","Trending_Sounds","201234","3123","374.5","26","null","157890","121234","96234","61234","37456","null","null","null","7345","2034","489"
"2024-01-21","tiktok","tt_8004","Influencer_Collab","ttad_9004","Creator_Partnership","367890","6012","923.4","94","null","301234","245678","196789","140234","93456","null","null","null","16234","4789","1289"
"2024-01-22","tiktok","tt_8001","Awareness_GenZ","ttad_9001","Dance_Challenge","267890","3945","523.4","40","null","221234","173456","109234","73567","49234","null","null","null","9789","2634","623"
"2024-01-22","tiktok","tt_8002","Conversion_Focus","ttad_9002","Product_Demo","148901","2834","767.5","77","null","103456","76234","51234","38567","25789","null","null","null","5123","1456","278"
"2024-01-22","tiktok","tt_8003","Traffic_Campaign","ttad_9003","Trending_Sounds","228901","3634","441.9","31","null","182345","137890","108901","70567","42789","null","null","null","8456","2301","545"
"2024-01-22","tiktok","tt_8004","Influencer_Collab","ttad_9004","Creator_Partnership","398567","6534","998.7","98","null","332345","267890","214567","151234","99567","null","null","null","17756","5012","1389"
"2024-01-23","tiktok","tt_8001","Awareness_GenZ","ttad_9001","Dance_Challenge","289012","4234","556.7","43","null","234567","182345","114567","77234","51234","null","null","null","10345","2789","656"
"2024-01-23","tiktok","tt_8002","Conversion_Focus","ttad_9002","Product_Demo","156789","3012","812.3","82","null","109876","81234","54678","41234","27567","null","null","null","5456","1567","289"
"2024-01-23","tiktok","tt_8003","Traffic_Campaign","ttad_9003","Trending_Sounds","245678","3890","467.8","34","null","195678","148234","117234","75234","45789","null","null","null","8567","2345","567"
"2024-01-23","tiktok","tt_8004","Influencer_Collab","ttad_9004","Creator_Partnership","423456","6890","1056.8","107","null","356789","289234","231456","164567","109234","null","null","null","18890","5456","1489"
"2024-01-24","tiktok","tt_8001","Awareness_GenZ","ttad_9001","Dance_Challenge","312345","4567","623.4","48","null","256789","200234","125678","84567","56234","null","null","null","11234","3012","723"
"2024-01-24","tiktok","tt_8002","Conversion_Focus","ttad_9002","Product_Demo","172345","3345","867.9","87","null","123456","91234","61567","46234","30789","null","null","null","5890","1678","334"
"2024-01-24","tiktok","tt_8003","Traffic_Campaign","ttad_9003","Trending_Sounds","267890","4123","512.6","37","null","212345","160234","126789","81234","49234","null","null","null","9123","2567","612"
"2024-01-24","tiktok","tt_8004","Influencer_Collab","ttad_9004","Creator_Partnership","456789","7456","1167.8","118","null","389012","312345","249234","177890","118234","null","null","null","20234","5912","1623"
"2024-01-25","tiktok","tt_8001","Awareness_GenZ","ttad_9001","Dance_Challenge","323456","4789","645.7","50","null","267890","208901","131234","88234","58901","null","null","null","11567","3134","734"
"2024-01-25","tiktok","tt_8002","Conversion_Focus","ttad_9002","Product_Demo","178901","3456","889.5","89","null","128901","95678","64567","48567","32345","null","null","null","6123","1734","345"
"2024-01-25","tiktok","tt_8003","Traffic_Campaign","ttad_9003","Trending_Sounds","278901","4234","534.2","39","null","223456","168901","133456","85678","51789","null","null","null","9456","2634","623"
"2024-01-25","tiktok","tt_8004","Influencer_Collab","ttad_9004","Creator_Partnership","467890","7623","1189.4","120","null","401234","323456","258901","184567","122345","null","null","null","20789","6034","1678"
"2024-01-26","tiktok","tt_8001","Awareness_GenZ","ttad_9001","Dance_Challenge","301234","4456","589.9","46","null","245678","191234","119234","80234","53456","null","null","null","10789","2901","689"
"2024-01-26","tiktok","tt_8002","Conversion_Focus","ttad_9002","Product_Demo","167890","3234","845.6","85","null","117890","87234","58901","44234","29567","null","null","null","5678","1634","312"
"2024-01-26","tiktok","tt_8003","Traffic_Campaign","ttad_9003","Trending_Sounds","256789","4012","489.2","36","null","201234","152345","120456","77890","47234","null","null","null","8901","2456","589"
"2024-01-26","tiktok","tt_8004","Influencer_Collab","ttad_9004","Creator_Partnership","445678","7234","1123.5","113","null","378901","304567","243456","172345","114567","null","null","null","19567","5678","1567"
"2024-01-27","tiktok","tt_8001","Awareness_GenZ","ttad_9001","Dance_Challenge","278901","4123","545.6","42","null","229234","179234","112234","75678","50234","null","null","null","10123","2712","645"
"2024-01-27","tiktok","tt_8002","Conversion_Focus","ttad_9002","Product_Demo","153456","2945","789.2","79","null","107890","79567","53678","40234","26890","null","null","null","5234","1456","278"
"2024-01-27","tiktok","tt_8003","Traffic_Campaign","ttad_9003","Trending_Sounds","236789","3734","456.8","33","null","187890","142345","112345","72345","43789","null","null","null","8456","2267","545"
"2024-01-27","tiktok","tt_8004","Influencer_Collab","ttad_9004","Creator_Partnership","423456","6789","1034.5","104","null","356789","287234","229234","162345","107890","null","null","null","18756","5345","1456"
"2024-01-28","tiktok","tt_8001","Awareness_GenZ","ttad_9001","Dance_Challenge","267890","3945","501.2","40","null","221234","173456","109234","73567","49234","null","null","null","9789","2634","623"
"2024-01-28","tiktok","tt_8002","Conversion_Focus","ttad_9002","Product_Demo","148901","2834","756.7","76","null","101234","74567","50234","37890","25234","null","null","null","5012","1423","267"
"2024-01-28","tiktok","tt_8003","Traffic_Campaign","ttad_9003","Trending_Sounds","223456","3567","427.7","30","null","178901","135234","106789","69234","41789","null","null","null","8234","2267","534"
"2024-01-28","tiktok","tt_8004","Influencer_Collab","ttad_9004","Creator_Partnership","401234","6456","989.9","101","null","332345","267890","214567","151234","99567","null","null","null","17234","5012","1378"
"2024-01-29","tiktok","tt_8001","Awareness_GenZ","ttad_9001","Dance_Challenge","289012","4234","556.7","43","null","234567","182345","114567","77234","51234","null","null","null","10345","2789","656"
"2024-01-29","tiktok","tt_8002","Conversion_Focus","ttad_9002","Product_Demo","156789","3012","812.3","82","null","109876","81234","54678","41234","27567","null","null","null","5456","1567","289"
"2024-01-29","tiktok","tt_8003","Traffic_Campaign","ttad_9003","Trending_Sounds","245678","3890","467.8","34","null","195678","148234","117234","75234","45789","null","null","null","8567","2345","567"
"2024-01-29","tiktok","tt_8004","Influencer_Collab","ttad_9004","Creator_Partnership","423456","6890","1056.8","107","null","356789","289234","231456","164567","109234","null","null","null","18890","5456","1489"
"2024-01-30","tiktok","tt_8001","Awareness_GenZ","ttad_9001","Dance_Challenge","295678","4345","573.2","44","null","241234","188234","117890","79234","52789","null","null","null","10567","2856","667"
"2024-01-30","tiktok","tt_8002","Conversion_Focus","ttad_9002","Product_Demo","161234","3089","823.7","83","null","113456","83567","56234","42345","28234","null","null","null","5523","1589","301"
"2024-01-30","tiktok","tt_8003","Traffic_Campaign","ttad_9003","Trending_Sounds","251234","3967","481.5","35","null","198901","150567","119234","76890","46567","null","null","null","8678","2378","556"
"2024-01-30","tiktok","tt_8004","Influencer_Collab","ttad_9004","Creator_Partnership","434567","7012","1089.3","109","null","367890","296234","237890","168234","111234","null","null","null","19234","5534","1523"
